{"accuracy": [0.6128600835800171, 0.8660502433776855, 0.9168077111244202, 0.938245952129364, 0.9561988711357117, 0.9643217921257019, 0.972003698348999, 0.9763283133506775, 0.9801123738288879, 0.9824596047401428], "loss": [1.314146876335144, 0.42315173149108887, 0.25579744577407837, 0.1862887293100357, 0.13430775701999664, 0.1073027029633522, 0.08628315478563309, 0.07205039262771606, 0.06005270406603813, 0.054094959050416946], "val_accuracy": [0.8333143591880798, 0.9105395078659058, 0.9164010882377625, 0.9287502765655518, 0.9383109211921692, 0.9511722922325134, 0.9550421237945557, 0.9667084217071533, 0.9495788812637329, 0.9640336632728577], "val_loss": [0.5265707969665527, 0.27610960602760315, 0.2559068500995636, 0.22077421844005585, 0.1996109038591385, 0.16037927567958832, 0.1499982625246048, 0.1141553670167923, 0.16435176134109497, 0.12007810175418854]}